{"cameraMode":{"drawMode":0,"name":"Shaded","section":"Shading Mode"},"sceneLighting":true,"audioPlay":false,"sceneViewState":{"m_AlwaysRefresh":false,"showFog":true,"showSkybox":true,"showFlares":true,"showImageEffects":true,"showParticleSystems":true,"showVisualEffectGraphs":true,"m_FxEnabled":true},"in2DMode":false,"pivot":{"x":3.731174945831299,"y":7.225759506225586,"z":-13.948873519897461},"rotation":{"x":-0.2204781323671341,"y":0.006434749346226454,"z":-0.0014544992009177805,"w":-0.9753692150115967},"size":6.581065654754639,"orthographic":false}